ID,FIRST_NAME,LAST_NAME,ADDRESS
1000,Nancee,Wreath,4 4th Center
1001,Jeri,Duchart,78 Old Shore Park
1002,Danita,Riglar,2958 Kedzie Trail
1003,Wendeline,Trosdall,38 Wayridge Alley
1004,Carlynne,Citrine,00628 Butterfield Circle
1005,Barty,Harriott,3 Tennyson Circle
1006,Calley,Prator,4 Hagan Alley
1007,Almira,Benez,12 Jay Point
1008,Zared,Bracchi,47 Oak Pass
1009,Patin,Blabey,7800 Rutledge Point
1010,Loutitia,Boreland,4 Rowland Lane
1011,Barnaby,Rebillard,1545 Leroy Park
1012,Dalis,Skade,1 Sunnyside Lane
1013,Carmencita,Usher,470 Moulton Center
1014,Martino,Very,3210 Southridge Hill
1015,Pancho,Wallbanks,587 Southridge Place
1016,Blair,Patman,22678 Dixon Hill
1017,Kylen,Bernardo,856 Dexter Street
1018,Lexi,Lanphere,4 Erie Park
1019,Elly,Desport,4110 Main Center
1020,Claretta,Lightowler,3 Hanson Trail
1021,Heath,Hattigan,3922 8th Street
1022,Carie,Yosselevitch,2 Northport Drive
1023,Cordell,McRorie,6 Blaine Terrace
1024,Sam,Cassy,7990 International Trail
1025,Thurston,Worrell,20 Welch Center
1026,Alyse,Gierck,08 Brentwood Parkway
1027,Willdon,Been,93 Fieldstone Park
1028,Tracie,Judd,09 Redwing Alley
1029,Cyrus,Alasdair,1864 Lotheville Plaza
1030,Tami,Blaasch,612 Hanson Road
1031,Roman,Garratty,42 Randy Hill
1032,Margalo,Vittet,85315 Northwestern Road
1033,Gaspard,Locket,69563 Bowman Road
1034,Lanette,Pearl,99829 Union Crossing
1035,Leonhard,Lundbech,39 Jackson Crossing
1036,Kain,Amesbury,553 Blackbird Pass
1037,Ola,Semarke,2 Fisk Avenue
1038,Horton,Evelyn,2 Old Shore Park
1039,Salomone,Manby,25 Mariners Cove Park
1040,Siobhan,Cranna,94366 Atwood Crossing
1041,Odilia,Bierman,3141 Comanche Circle
1042,Aharon,Bloxsom,59 Mccormick Plaza
1043,Sibella,Busch,29 Bayside Parkway
1044,Fletch,Gheorghie,238 Ohio Drive
1045,Brigitta,Ley,59 Scott Way
1046,Marcia,Cotgrave,810 Autumn Leaf Parkway
1047,Melodee,Eake,24 Mifflin Drive
1048,Dianna,Yetman,242 American Ash Park
1049,Ros,Eland,622 Dennis Junction
1050,Hans,Filippi,31852 Cambridge Parkway
1051,Thomasa,Minors,82447 Blaine Lane
1052,Darrin,Kearey,51065 Bayside Parkway
1053,Nerty,Steedman,0 Porter Street
1054,Rockey,Calleja,568 Drewry Crossing
1055,Rachel,Vannacci,142 Ridgeway Road
1056,Danielle,Spellard,04 Duke Place
1057,Tobias,Huskinson,41945 Waywood Crossing
1058,Marleah,Chicco,63086 Esch Parkway
1059,Tiff,Bearns,08 Lawn Terrace
1060,Bradford,Higgan,6222 Oriole Point
1061,Minnaminnie,Persitt,6 Florence Pass
1062,Fanechka,Broe,0118 Barby Point
1063,Kincaid,Carruth,0813 Doe Crossing Pass
1064,Brandais,Hughs,9 Old Shore Lane
1065,Arthur,Muncey,664 Kedzie Pass
1066,Jacquenetta,Meadowcraft,13502 Forest Dale Parkway
1067,Sandy,Nevins,82253 New Castle Parkway
1068,Orran,Landa,1 Hallows Crossing
1069,Bevon,Shrawley,60956 Sutteridge Pass
1070,Sloane,Beesley,458 Blaine Circle
1071,Halsey,Inwood,183 Sugar Terrace
1072,Teodorico,Kemwal,8840 Alpine Court
1073,Ginevra,Hemphill,27 Gina Circle
1074,Babs,McFfaden,42 Birchwood Court
1075,Maurizia,Garron,1 Morning Center
1076,Killian,Burberry,82 Porter Terrace
1077,Lyell,Borgnet,0 Westerfield Circle
1078,Claudianus,Gilffilland,990 Birchwood Place
1079,Clyde,Stebbins,140 Emmet Circle
1080,Fanchette,Boulstridge,74 Spenser Center
1081,Sephira,Foucard,05 Fordem Court
1082,Tommie,Tweed,334 Clove Pass
1083,Trina,Loxly,65 Jana Lane
1084,Kirk,Woolham,75 Judy Junction
1085,Jackquelin,Sleaford,73760 Elmside Parkway
1086,Christi,Ibarra,451 South Lane
1087,Rriocard,Fashion,5979 Schmedeman Avenue
1088,Silvia,Lots,64 Spohn Center
1089,Sargent,Esterbrook,8 Moose Way
1090,Hobey,Griston,5848 Menomonie Pass
1091,Adriane,Shields,51 Dayton Street
1092,Frederic,Riddock,51522 Stuart Hill
1093,Toma,Fearnehough,47714 Dixon Alley
1094,Artemis,Sullly,715 Anthes Circle
1095,Shannan,Whooley,76 Northfield Pass
1096,Manon,Browell,353 Onsgard Parkway
1097,Robin,Grinval,0 Di Loreto Alley
1098,Sabrina,Levee,8581 Fairview Road
1099,Estella,Jedras,8 Lerdahl Parkway
